{"cameraMode":{"drawMode":0,"name":"Shaded","section":"Shading Mode"},"sceneLighting":true,"audioPlay":false,"sceneViewState":{"showFog":false,"showMaterialUpdate":false,"showSkybox":false,"showFlares":false,"showImageEffects":false,"showParticleSystems":false},"in2DMode":false,"pivot":{"x":-7.3258376121521,"y":-5.603090286254883,"z":8.027276992797852},"rotation":{"x":0.33529216051101687,"y":-0.1291484534740448,"z":0.0464969128370285,"w":0.9321066737174988},"size":13.118461608886719,"orthographic":false}