{"cameraMode":{"drawMode":0,"name":"Shaded","section":"Shading Mode"},"sceneLighting":true,"audioPlay":false,"sceneViewState":{"showFog":false,"showMaterialUpdate":false,"showSkybox":false,"showFlares":false,"showImageEffects":false,"showParticleSystems":false},"in2DMode":false,"pivot":{"x":-11.734615325927735,"y":-8.973337173461914,"z":12.452030181884766},"rotation":{"x":0.33803701400756838,"y":-0.04909283667802811,"z":0.017650853842496873,"w":0.9397186040878296},"size":13.389714241027832,"orthographic":false}