{"cameraMode":{"drawMode":0,"name":"Shaded","section":"Shading Mode"},"sceneLighting":true,"audioPlay":false,"sceneViewState":{"showFog":false,"showMaterialUpdate":false,"showSkybox":false,"showFlares":false,"showImageEffects":false,"showParticleSystems":false},"in2DMode":false,"pivot":{"x":-4.529993057250977,"y":-9.647765159606934,"z":8.65846061706543},"rotation":{"x":0.40668153762817385,"y":-0.002461388474330306,"z":0.0010899417102336884,"w":0.9135949611663818},"size":11.804931640625,"orthographic":false}