{"cameraMode":{"drawMode":0,"name":"Shaded","section":"Shading Mode"},"sceneLighting":true,"audioPlay":false,"sceneViewState":{"showFog":false,"showMaterialUpdate":false,"showSkybox":false,"showFlares":false,"showImageEffects":false,"showParticleSystems":false},"in2DMode":false,"pivot":{"x":-13.542344093322754,"y":-10.02531909942627,"z":20.118778228759767},"rotation":{"x":0.29060542583465578,"y":-0.07564572244882584,"z":0.02316828817129135,"w":0.9536197781562805},"size":17.490755081176759,"orthographic":false}