{"cameraMode":{"drawMode":0,"name":"Shaded","section":"Shading Mode"},"sceneLighting":true,"audioPlay":false,"sceneViewState":{"showFog":false,"showMaterialUpdate":false,"showSkybox":false,"showFlares":false,"showImageEffects":false,"showParticleSystems":false},"in2DMode":false,"pivot":{"x":8.151300430297852,"y":-5.1989426612854,"z":28.34723472595215},"rotation":{"x":-0.14850060641765595,"y":-0.773965060710907,"z":0.1970740556716919,"w":-0.5833467245101929},"size":10.810129165649414,"orthographic":false}