{"cameraMode":{"drawMode":0,"name":"Shaded","section":"Shading Mode"},"sceneLighting":true,"audioPlay":false,"sceneViewState":{"showFog":false,"showMaterialUpdate":false,"showSkybox":false,"showFlares":false,"showImageEffects":false,"showParticleSystems":false},"in2DMode":false,"pivot":{"x":2.0984134674072267,"y":28.086864471435548,"z":15.314420700073243},"rotation":{"x":-0.10209451615810394,"y":-0.8058134317398071,"z":0.14564266800880433,"w":-0.5648664832115173},"size":10.0,"orthographic":false}