{"cameraMode":{"drawMode":0,"name":"Shaded","section":"Shading Mode"},"sceneLighting":false,"audioPlay":false,"sceneViewState":{"showFog":false,"showMaterialUpdate":false,"showSkybox":false,"showFlares":false,"showImageEffects":false,"showParticleSystems":false},"in2DMode":false,"pivot":{"x":-2.740000009536743,"y":5.429999828338623,"z":-2.2899999618530275},"rotation":{"x":-0.12584829330444337,"y":-0.8729018568992615,"z":0.35759657621383669,"w":-0.3071974217891693},"size":0.4330126941204071,"orthographic":false}