{"cameraMode":{"drawMode":0,"name":"Shaded","section":"Shading Mode"},"sceneLighting":true,"audioPlay":false,"sceneViewState":{"showFog":false,"showMaterialUpdate":false,"showSkybox":false,"showFlares":false,"showImageEffects":false,"showParticleSystems":false},"in2DMode":false,"pivot":{"x":1.9984424114227296,"y":7.153796195983887,"z":-8.040383338928223},"rotation":{"x":-0.45774155855178835,"y":0.18984174728393556,"z":-0.10072583705186844,"w":-0.8627245426177979},"size":10.3236722946167,"orthographic":false}