{"cameraMode":{"drawMode":0,"name":"Shaded","section":"Shading Mode"},"sceneLighting":true,"audioPlay":false,"sceneViewState":{"showFog":false,"showMaterialUpdate":false,"showSkybox":false,"showFlares":false,"showImageEffects":false,"showParticleSystems":false},"in2DMode":false,"pivot":{"x":9.200907707214356,"y":-4.4808831214904789,"z":30.835346221923829},"rotation":{"x":-0.16358552873134614,"y":-0.5374366641044617,"z":0.10716214776039124,"w":-0.820433497428894},"size":10.810129165649414,"orthographic":false}